subject,fold,sisp_test_nll,disp_test_nll,test_nll_diff,sisp_won_fold,sisp_c,sisp_mu_t,sisp_mu_l,sisp_d,sisp_tc_bound,sisp_r_bound_offset,sisp_sigma_r_bound,sisp_z0,sisp_t_post,sisp_t0,disp_c,disp_mu_r,disp_mu_f,disp_d_r,disp_d_f,disp_tc_bound,disp_r_bound,disp_z0,disp_mu_r_new,disp_mu_f_new,disp_t_post,disp_t0
1,1,105.9037017070118,102.86906711778761,-3.034634589224197,False,0.5842836502259672,0.015520408013631564,-0.5582239068104089,0.3307271622788569,0.0234142586136718,1.4378516004791067,0.89897198822471,-0.4390642472286206,0.9431305958564693,0.45118492880540173,0.5777676020099907,0.16818003781798496,-0.13139128217561136,0.22676648491414503,0.09179405268241987,0.042547426630370644,1.3233168927095527,-0.4489971741596619,-0.6842045492390341,0.1489218278630582,0.9167491920812517,0.4445541381245141
1,2,118.76172018779442,119.04394792043388,0.28222773263945555,True,0.5693485263128311,0.0023955128426966614,-0.5682248437244302,0.3428813174396911,0.014665426975026964,1.4346557691361381,0.7732561415211381,-0.4291853438762072,0.8933164482774609,0.4460985885997871,0.5802198995439909,0.2544822430768818,-0.22841551300804896,0.2766445906389754,0.05477056792162829,0.029766298168277645,1.7019094290845993,-0.4403627030161638,-1.3739929556572275,0.8309304536335949,0.8447182120985632,0.4487033242834011
1,3,118.72907380452818,116.28815151040465,-2.4409222941235384,False,0.5857268053521381,0.04170036378674379,-0.5658725468288549,0.33444280501537865,0.02927414658554898,1.450041046782196,0.7522125609842338,-0.444195761250599,0.7809209830136268,0.4395212443390393,0.5914692945057075,0.28118163443304556,-0.25029878449057774,0.28625027587019525,0.04898574255330948,0.03169439642585969,1.7557500092088114,-0.4428562404309348,-0.684320704868784,0.11932193757067139,0.7023638665660985,0.45566369416922725
1,4,107.26677938416441,102.62608383147813,-4.640695552686282,False,0.6079738816524154,0.07552815078340439,-0.5371663326786478,0.3167799473298829,0.058942547561775624,1.4900537065677317,1.1218926602364516,-0.4597476818730747,1.0804220599367729,0.4555129719707709,0.5801841607718138,0.21844143292329893,-0.1866373389172366,0.22039597612375939,0.113352202324773,0.0378817913004947,1.3574240584986415,-0.44226047531545853,-0.7694040178411317,0.19557133161082632,0.8736719480857746,0.44188311987040507
1,5,105.69816702283072,103.5537906193806,-2.14437640345011,False,0.5746457412239419,0.052545215866023155,-0.5373167085415216,0.3273881840844909,0.046303227316805876,1.4488823876492045,1.0864295692627262,-0.4559031387433036,0.9604687264773234,0.43819271755430655,0.573743146473368,0.2592030563042399,-0.2157682349574524,0.20935256175161132,0.11840441500834636,0.04462526143819889,1.421014687443635,-0.4554456533956833,-1.1782144048280534,0.6371175688477284,0.8949723197181312,0.4529950485610593
3,1,126.30166946200768,124.07097522513078,-2.2306942368769,False,0.5417175901259934,0.7245465488606646,-1.6130494469935703,0.5288737336116575,1.1834914910846595,0.6223879727747572,0.11548136137044518,-0.08140810467739551,0.24714744325793292,0.6527826302277859,0.45496267862668616,0.7362326629729298,-0.22022398149956685,0.3330760308304797,0.005944728080385448,1.4423636945383316,0.6580149564452649,-0.04698582780931169,-1.2619290639221319,-0.016439407410199523,0.25523901064609367,0.6023418633394051
3,2,106.12194229316697,107.22421260830868,1.102270315141709,True,0.533822306291972,0.6543319086669984,-1.4324152341198506,0.4558792007305128,1.245475018202319,0.6034122275017721,0.13381157935634225,-0.07009046184174883,0.25102720594231026,0.6364544565313338,0.5024397953851893,0.8663121018577133,-0.2704418023457741,0.41710230315265223,0.01054114375429387,1.2870184172889059,0.7273950690036759,-0.054470362670632315,-1.4171707166433998,-0.00024061860165978791,0.23738554107274135,0.61823768718486
3,3,155.55203382198067,153.2770556677391,-2.2749781542415803,False,0.6111850451934386,0.7755935782797307,-1.8130081160342233,0.6388085515515655,1.0283605343016347,0.6543851820309092,0.15662782435852415,-0.07840220627935907,0.2636139090864726,0.6679703215907922,0.5701133431649803,0.893262048335649,-0.20882708254795168,0.5001051881411667,0.020608201148063998,1.1962966025156199,0.7360786846217873,-0.07130472491906042,-1.8448623841927487,0.2622775428330888,0.2898654775724372,0.6576901606849637
3,4,134.51012787494898,136.48891370051922,1.9787858255702417,True,0.5472244019144603,0.6863195583434478,-1.5938203131682198,0.5122029502776806,1.2134023343222071,0.6072776912596818,0.12051193965922524,-0.06882589220504992,0.24083333900699938,0.6533883698975864,0.47548385375173585,0.7578649398095485,-0.27468159482635357,0.3423177185205448,0.009433094817923045,1.4054513996055746,0.6837594329018872,-0.023837530990455956,-1.5513229899823435,0.2122988695084157,0.27121065521241083,0.6106201355984622
3,5,116.79232707888059,118.09779347118342,1.305466392302833,True,0.47672589339197047,0.4953388888478657,-1.3021244900065563,0.35192535997743063,1.3662286350264587,0.49523981738775774,0.12828739307521367,-0.03247592640432405,0.2901820064809246,0.6037072297930943,0.5198903107442887,0.8051810833990527,-0.23773185021120002,0.42949785993730927,0.009234703047277217,1.2678085178616554,0.7088030945179677,-0.04141580498156647,-1.8789291488822757,0.41001774448225436,0.27923855676358866,0.6338602571631453
5,1,134.68225933214023,136.04364612806506,1.3613867959248296,True,0.4974228197883813,0.41173050677790135,-0.5614462466073111,0.26347527751964983,0.2714714868031516,0.24670329309206948,0.3670199247829702,-0.12702792533750035,0.43109591731347585,0.4540586194546349,0.5086835467057713,0.6662173394539438,-0.22992350542253231,0.23793490787864374,0.04440225039705828,0.2587494267322593,0.6084648129426875,-0.13933852009817066,-0.3102806275753058,-0.26813813408388393,0.41420885047619466,0.478818886466006
5,2,125.15452938177395,125.34259271612564,0.188063334351682,True,0.5190251681322778,0.4717882444032661,-0.6203955334697041,0.3191203908332565,0.2181218647022767,0.33821527011097374,0.323056635427279,-0.145940242032005,0.35827337845911267,0.48846223184644155,0.5090411523099645,0.6412004171579563,-0.18265496464247188,0.2557504414795858,0.03694666805922766,0.24623626020616984,0.5833770867289718,-0.1470207774279187,-0.3799290607727672,-0.2000338902734945,0.374201595194083,0.48169942553536726
5,3,128.4033288137685,127.50038693838093,-0.9029418753875689,False,0.5174424890501337,0.45445681829306483,-0.6375250260852958,0.32748861512779137,0.1966865277900904,0.24096334306316244,0.38685200103663026,-0.12735216159282112,0.40872840954999967,0.494569626273088,0.5050021899614427,0.5751527203561873,-0.1432489381820412,0.26133778369072513,0.037107415574006986,0.22349577873082627,0.5032822026768338,-0.12377364930482931,-0.423058012569809,-0.18127791158076167,0.4204161511277924,0.4720783230413834
5,4,126.44920167395185,125.74761158475474,-0.7015900891971114,False,0.4867192537378727,0.4549220420481168,-0.6619567743544474,0.3247640260632666,0.21795194965456843,0.20552189051345848,0.40643771845530474,-0.1197309330159525,0.40188531982789755,0.4973831403346307,0.49540002183971854,0.6458870498684224,-0.1817807674806423,0.25838131891431715,0.06469374475075482,0.22377669701107783,0.48016249377347897,-0.13040324286181065,-0.38910341350112976,-0.25891083223298117,0.4015541482699644,0.5042549043071782
5,5,116.4342947755685,116.41930686970483,-0.014987905863677042,False,0.4875595483514332,0.4483180622514745,-0.5947699318150168,0.2947652383080418,0.2351581064114042,0.28148886661457406,0.3563688857161408,-0.13851350728479386,0.40614280386206525,0.4756479161741893,0.48507204502247653,0.5624585135493836,-0.12107217509143194,0.2577837654013293,0.03919357822291802,0.23353971529426332,0.4799220824526083,-0.13182971977167235,-0.42836729638225224,-0.17112834539520583,0.39748673615585856,0.47656030372067626
7,1,82.46318658924588,80.91889316713707,-1.544293422108808,False,0.547561525232276,0.3210610176505182,-0.5937095807057624,0.2525098854535335,0.20784801678728188,0.10691542226453374,0.7899228663984668,-0.678879142517959,0.08187642547328036,0.5985567000519891,0.48134966617564257,0.6117305380402371,-0.33593325872980384,0.1410068185186623,0.09073170890023943,0.2483887194430756,0.8267862604909619,-0.6429887853230309,1.0646431593070242,-1.6583760049299068,0.09870444092223346,0.5749286023625844
7,2,85.23750513418042,85.49172992649807,0.2542247923176433,True,0.5456760809611043,0.3033890965398396,-0.6509280261889403,0.2659984032386296,0.19093008294506428,0.5189688040220428,0.5579329758350972,-0.6615362928954339,0.08335969423700512,0.5958118227467744,0.5470187854168509,0.6289250099214707,-0.32345926077218334,0.23177189397989906,0.03986279018881135,0.18946892985474767,1.2534723005248765,-0.6610709815219731,0.18311462331140693,-0.8453447943253625,0.08204150244917707,0.6088969671447677
7,3,72.86020816920762,73.598775984908,0.7385678157003781,True,0.501654399601692,0.27580617095117066,-0.5975975050349229,0.23024138458546461,0.24429012625279484,0.35869375597639164,0.6056457436305593,-0.6403481670810671,0.0766082367123192,0.568278390075367,0.5270206004677993,0.4708260353402156,-0.20606705878615106,0.14298756675884933,0.10090526629944374,0.22518037234805843,0.6169927321870525,-0.631730088756558,0.029391611665703823,-0.6665794323525722,0.06714169730012082,0.5687621473679703
7,4,86.69845511378765,86.34740212696408,-0.3510529868235608,False,0.40418204945613556,0.2899025148704321,-0.5814148536002548,0.20516892819327853,0.3042284803544268,0.5495117906935276,0.4268439539025379,-0.6504835365657576,0.1424428229028798,0.565869184075131,0.4407392016404882,0.5345834621599881,-0.20591641732779753,0.20699716249133693,0.02352400259807152,0.26031130590510665,1.1644215834591614,-0.6842099324395128,0.26850428967209833,-0.8613527006553031,0.16292055826992854,0.6033103257185817
7,5,75.0172224211243,76.35010410458653,1.332881683462233,True,0.5981106885555529,0.3046498175623813,-0.6634157550897655,0.2696127785253398,0.18963108862351152,0.14845528333802332,0.7892119664071799,-0.6596483158919997,0.054693956844248104,0.598581090867077,0.5842416840230611,0.624742401022508,-0.319813853273063,0.20496681930330446,0.05921179735536825,0.2026592867125861,1.0953587963709066,-0.6613096984065197,0.1396804080482093,-0.782948983328016,0.05261583560106475,0.5922118439475089
